1,com
2,net
3,googleapis.com
4,org
5,io
6,cn
7,vn
8,me
9,co
10,tv
11,com.vn
12,elb.amazonaws.com
13,ms
14,jp
15,goog
16,s3.amazonaws.com
17,info
18,us
19,ru
20,sg
21,uk
22,co.uk
23,com.cn
24,xyz
25,online
26,gov
27,ly
28,cloudapp.net
29,mobi
30,us-east-1.amazonaws.com
31,eu
32,ws
33,news
34,it
35,link
36,de
37,st
38,map.fastly.net
39,club
40,fi
41,cc
42,biz
43,pw
44,hk
45,appspot.com
46,id
47,org.cn
48,pro
49,asia
50,my
51,nl
52,app
53,to
54,pl
55,be
56,in
57,ai
58,im
59,com.my
60,com.hk
61,co.jp
62,co.id
63,tw
64,kr
65,azurewebsites.net
66,ca
67,cloud
68,gg
69,sa
70,fr
71,co.kr
72,au
73,video
74,tech
75,site
76,th
77,ph
78,com.au
79,com.tw
80,githubusercontent.com
81,blogspot.com
82,edu
83,ch
84,edu.cn
85,co.th
86,top
87,com.sg
88,network
89,media
90,global.ssl.fastly.net
91,ne.jp
92,com.ph
93,s3-us-west-2.amazonaws.com
94,sh
95,net.vn
96,br
97,house
98,se
99,com.br
100,gl
101,arpa
102,tumblr.com
103,nz
104,s3-ap-southeast-1.amazonaws.com
105,rsc.cdn77.org
106,es
107,elasticbeanstalk.com
108,s3.dualstack.ap-southeast-1.amazonaws.com
109,tk
110,co.nz
111,live
112,software
113,la
114,herokuapp.com
115,at
116,github.io
117,mil
118,mx
119,space
120,google
121,fm
122,vip
123,cz
124,dk
125,cloudfunctions.net
126,lu
127,am
128,market
129,tr
130,ie
131,co.in
132,net.id
133,us-east-1.elasticbeanstalk.com
134,no
135,ro
136,com.tr
137,gov.cn
138,fun
139,bid
140,name
141,fastlylb.net
142,dyndns.org
143,gov.vn
144,co.za
145,email
146,apps.fbsbx.com
147,systems
148,com.mx
149,is
150,zone
151,in.th
152,map.fastlylb.net
153,re
154,ua
155,li
156,edu.vn
157,ae
158,sk
159,win
160,withgoogle.com
161,ar
162,si
163,bd
164,jobs
165,s3-eu-west-1.amazonaws.com
166,click
167,work
168,gov.hk
169,lt
170,su
171,com.ar
172,pt
173,go.id
174,ir
175,host
176,icu
177,stream
178,pk
179,gr
180,hu
181,org.uk
182,life
183,chat
184,net.cn
185,ddns.net
186,rocks
187,tools
188,bz
189,org.vn
190,net.au
191,one
192,money
193,firebaseapp.com
194,s3.us-east-2.amazonaws.com
195,store
196,gt
197,today
198,ga
199,pe
200,casa
201,agency
202,cl
203,services
204,s3-ap-northeast-1.amazonaws.com
205,ninja
206,website
207,ac.id
208,games
209,by
210,world
211,so
212,com.ua
213,or.jp
214,best
215,s3-us-west-1.amazonaws.com
216,int
217,biz.id
218,com.pk
219,gov.br
220,xxx
221,lk
222,org.au
223,gov.my
224,ee
225,onion
226,eu.org
227,ml
228,shop
229,pub
230,moe
231,il
232,studio
233,gov.tw
234,bnpparibas
235,np
236,trade
237,digital
238,gle
239,nu
240,bradesco
241,support
242,googlecode.com
243,ap-northeast-2.elasticbeanstalk.com
244,s3-external-1.amazonaws.com
245,ac
246,dev
247,edu.hk
248,net.uk
249,cf
250,co.il
251,kz
252,al
253,us-west-2.elasticbeanstalk.com
254,ac.uk
255,frl
256,web.id
257,or.kr
258,elb.amazonaws.com.cn
259,bg
260,onl
261,wf
262,cx
263,ec
264,edu.my
265,buzz
266,s3.eu-central-1.amazonaws.com
267,solutions
268,page
269,bar
270,download
271,com.pe
272,party
273,ovh
274,gov.sg
275,gq
276,or.us
277,kh
278,plus
279,game
280,edu.tw
281,duckdns.org
282,s3.ap-south-1.amazonaws.com
283,events
284,global
285,tc
286,press
287,kg
288,pm
289,monster
290,edu.sg
291,org.hk
292,com.co
293,sinaapp.com
294,applinzi.com
295,men
296,lv
297,rs
298,sc
299,cm
300,works
301,ac.th
302,group
303,center
304,hn
305,go.th
306,blog
307,fyi
308,com.ru
309,org.nz
310,cat
311,ag
312,or.id
313,ad
314,do
315,wiki
316,uy
317,ad.jp
318,net.tw
319,supply
320,net.br
321,net.co
322,netlify.com
323,me.uk
324,edu.au
325,gs
326,org.ru
327,team
328,org.ec
329,desi
330,py
331,as
332,gov.ph
333,mn
334,freetls.fastly.net
335,homeip.net
336,mm
337,rip
338,bn
339,s3-website-us-east-1.amazonaws.com
340,watch
341,ve
342,ac.jp
343,vc
344,ng
345,art
346,technology
347,my.id
348,business
349,myqnapcloud.com
350,ac.cn
351,md
352,management
353,net.nz
354,red
355,guru
356,hr
357,com.uy
358,com.py
359,gov.au
360,cool
361,qa
362,org.tw
363,s3.cn-north-1.amazonaws.com.cn
364,aws
365,com.bn
366,eu-west-1.elasticbeanstalk.com
367,or.th
368,uz
369,eg
370,movie
371,af
372,org.tr
373,gov.in
374,ltd
375,az
376,wtf
377,net.my
378,k12.or.us
379,help
380,ooo
381,cr
382,mo
383,ge
384,mine.nu
385,gd
386,tl
387,tt
388,hopto.org
389,go.jp
390,rest
391,s3.dualstack.us-east-1.amazonaws.com
392,date
393,ke
394,ug
395,gov.uk
396,gc.ca
397,tips
398,blogspot.co.id
399,bi
400,ma
401,spb.ru
402,aero
403,bit
404,com.ve
405,s3.dualstack.eu-west-1.amazonaws.com
406,company
407,net.tr
408,dynu.net
409,tokyo
410,wixsite.com
411,gy
412,sch.id
413,sx
414,yt
415,com.eg
416,co.ke
417,zw
418,herokussl.com
419,mu
420,xn--p1ai
421,mg
422,tj
423,com.pl
424,pics
425,com.sa
426,co.zw
427,show
428,goip.de
429,travel
430,no-ip.biz
431,ink
432,go.kr
433,cash
434,wang
435,mk
436,sb
437,sv
438,s3.eu-west-2.amazonaws.com
439,com.gr
440,s3.ap-northeast-2.amazonaws.com
441,coop
442,ap-southeast-1.elasticbeanstalk.com
443,mp
444,sh.cn
445,delivery
446,mv
447,city
448,ne
449,sex
450,ba
451,wa.us
452,design
453,no-ip.info
454,kozow.com
455,members.linode.com
456,porn
457,photos
458,mt
459,ap-northeast-1.elasticbeanstalk.com
460,edu.ph
461,run
462,net.sg
463,no-ip.org
464,ki
465,net.pk
466,pantheonsite.io
467,zapto.org
468,om
469,ci
470,s3-ap-southeast-2.amazonaws.com
471,in-addr.arpa
472,co.hu
473,org.br
474,com.ng
475,tz
476,us.com
477,net.in
478,org.sg
479,gift
480,now.sh
481,net.ua
482,bh
483,nf
484,cy
485,hosting
486,tm
487,global.prod.fastly.net
488,sytes.net
489,church
490,fan
491,cd
492,com.sh
493,org.my
494,ps
495,com.mt
496,gifts
497,onthewifi.com
498,eu-central-1.elasticbeanstalk.com
499,ac.kr
500,readthedocs.io
501,care
502,net.pl
503,kim
504,uno
505,sn
506,net.mx
507,s3-website.eu-central-1.amazonaws.com
508,cu
509,bc.ca
510,beer
511,dattolocal.net
512,new
513,a.ssl.fastly.net
514,ca.us
515,synology.me
516,us-west-1.elasticbeanstalk.com
517,gov.mo
518,jo
519,lc
520,mc
521,lol
522,bo
523,tn
524,us-east-2.elasticbeanstalk.com
525,ren
526,altervista.org
527,com.bz
528,com.cy
529,racing
530,tickets
531,blue
532,nhs.uk
533,com.do
534,love
535,kw
536,lb
537,vegas
538,tj.cn
539,net.hk
540,dnshome.de
541,mn.us
542,vin
543,qc.ca
544,dm
545,gov.tr
546,web.app
547,dz
548,gov.pk
549,nic.in
550,tube
551,com.mo
552,net.il
553,review
554,uk.com
555,kicks-ass.net
556,com.af
557,rhcloud.com
558,edu.pk
559,com.ec
560,vet
561,on.ca
562,coffee
563,land
564,vg
565,zm
566,co.tz
567,ac.in
568,sale
569,ac.at
570,bingo
571,com.bh
572,rw
573,co.at
574,bt
575,gh
576,lpages.co
577,co.ug
578,bet
579,va
580,bs
581,pa
582,kiev.ua
583,ath.cx
584,cn.com
585,ac.ir
586,com.kw
587,nyc
588,guide
589,edu.tr
590,com.gt
591,tf
592,bw
593,ac.nz
594,dj
595,social
596,fit
597,ao
598,bio
599,gratis
600,ru.com
601,audio
602,s3-website-us-west-2.amazonaws.com
603,com.ge
604,org.in
605,s3-sa-east-1.amazonaws.com
606,xin
607,codes
608,dhl
609,direct
610,farm
611,ngrok.io
612,edu.pl
613,pg
614,pink
615,sm
616,dog
617,et
618,com.gh
619,ab.ca
620,cg
621,dyndns.tv
622,in.ua
623,co.cr
624,com.bo
625,pr
626,tax
627,london
628,s3.ca-central-1.amazonaws.com
629,report
630,mz
631,com.es
632,gob.mx
633,net.sa
634,com.qa
635,c.cdn77.org
636,edu.ar
637,mi.th
638,net.ru
639,vu
640,fj
641,ht
642,workers.dev
643,edu.br
644,sap
645,gov.sa
646,net.ar
647,s3-website-eu-west-1.amazonaws.com
648,gov.ar
649,gdn
650,org.il
651,gold
652,service.gov.uk
653,canon
654,na
655,net.ae
656,org.ua
657,de.com
658,co.zm
659,pictures
660,ac.za
661,a.run.app
662,academy
663,idv.tw
664,run.app
665,science
666,tel
667,com.lb
668,bj
669,school
670,sharp
671,ind.in
672,tg
673,expert
674,je
675,ni
676,cab
677,com.pa
678,js.org
679,co.ao
680,gm
681,ck
682,com.am
683,cam
684,com.sv
685,govt.nz
686,webcam
687,community
688,express
689,how
690,gov.ru
691,msk.ru
692,bf
693,gouv.fr
694,s3-website-ap-southeast-1.amazonaws.com
695,com.fj
696,dyndns.biz
697,ind.br
698,kinghost.net
699,ntt
700,iq
701,co.bw
702,tv.br
703,bm
704,gov.il
705,ls
706,dyndns.info
707,gov.za
708,jm
709,ac.il
710,domains
711,surf
712,biz.vn
713,cafe
714,ut.us
715,blogspot.in
716,com.cu
717,k12.wa.us
718,net.za
719,training
720,id.us
721,lg.jp
722,nico
723,org.ar
724,remotewd.com
725,cv
726,exchange
727,meet
728,vic.gov.au
729,ln.cn
730,edu.co
731,loan
732,org.za
733,sk.ca
734,style
735,sy
736,tx.us
737,edu.mx
738,gov.pl
739,sl
740,net.ph
741,pet
742,gob.ar
743,qld.gov.au
744,cw
745,eus
746,co.ve
747,eu.com
748,yandex
749,ist
750,nr
751,redirectme.net
752,ac.be
753,gr.jp
754,irish
755,pn
756,ak.us
757,com.om
758,promo
759,s3-eu-central-1.amazonaws.com
760,cloud.fedoraproject.org
761,com.et
762,dp.ua
763,edu.sa
764,lat
765,re.kr
766,com.mv
767,ap-southeast-2.elasticbeanstalk.com
768,cn-north-1.eb.amazonaws.com.cn
769,edu.in
770,fl.us
771,gov.lk
772,nc
773,net.th
774,co.ls
775,gov.co
776,ky
777,chrome
778,gitlab.io
779,sch.uk
780,com.ni
781,in.net
782,null
783,org.pk
784,build
785,s3-website-us-west-1.amazonaws.com
786,sexy
787,scot
788,gob.ve
789,blogspot.ca
790,k12.ca.us
791,education
792,gallery
793,law
794,myds.me
795,co.mz
796,com.jo
797,com.na
798,gov.ae
799,hm
800,bike
801,blogspot.co.uk
802,ddnsking.com
803,net.ve
804,sp.gov.br
805,com.pr
806,mw
807,myvnc.com
808,pf
809,ax
810,net.lb
811,org.pl
812,uy.com
813,amex
814,gov.ua
815,photo
816,gov.bn
817,here
818,mb.ca
819,poznan.pl
820,town
821,co.rs
822,health
823,sony
824,com.de
825,fo
826,gx.cn
827,ny.us
828,photography
829,blogspot.my
830,k12.mn.us
831,name.vn
832,or.tz
833,africa
834,com.ag
835,getmyip.com
836,gob.sv
837,org.ve
838,vi
839,zip
840,com.mk
841,maori.nz
842,net.do
843,consulting
844,edu.mo
845,museum
846,s3-ap-south-1.amazonaws.com
847,sd
848,asn.au
849,gi
850,international
851,marketing
852,net.mk
853,car
854,ddnsgeek.com
855,edu.tt
856,gob.pe
857,id.au
858,vn.ua
859,com.ai
860,leadpages.co
861,res.in
862,band
863,blogspot.tw
864,capital
865,fund
866,js.cn
867,noip.me
868,psi.br
869,bb
870,berlin
871,blogspot.com.br
872,co.ma
873,com.pt
874,desa.id
875,foundation
876,info.vn
877,pp.ua
878,s3-us-east-2.amazonaws.com
879,wa.gov.au
880,waw.pl
881,gen.tr
882,gv.at
883,dynv6.net
884,ga.us
885,vic.edu.au
886,bank
887,blogspot.com.es
888,crs
889,earth
890,edu.ec
891,inf.br
892,police.uk
893,s3.eu-west-3.amazonaws.com
894,yolasite.com
895,azure-mobile.net
896,ns.ca
897,uni5.net
898,directory
899,engineering
900,film
901,gotdns.com
902,gov.jo
903,llc
904,kp
905,adv.br
906,ed.jp
907,gen.nz
908,gp
909,org.eg
910,uk.net
911,co.us
912,deals
913,glitch.me
914,gob.es
915,ltd.uk
916,uol
917,adult
918,blogspot.sg
919,debian.net
920,dn.ua
921,gov.it
922,ha.cn
923,mi.us
924,myftp.biz
925,od.ua
926,s3-us-gov-west-1.amazonaws.com
927,vision
928,wi.us
929,wy.us
930,ye
931,com.al
932,gob.ec
933,homelinux.net
934,jus.br
935,myftp.org
936,casino
937,com.hr
938,com.ro
939,kn
940,net.pe
941,doomdns.org
942,fish
943,legal
944,org.mx
945,org.ph
946,reviews
947,taxi
948,web.tr
949,cloudns.asia
950,servebeer.com
951,sr
952,ap-south-1.elasticbeanstalk.com
953,com.vc
954,finance
955,hsbc
956,km
957,oh.us
958,oz.au
959,pa.us
960,partners
961,swiss
962,taipei
963,c66.me
964,com.la
965,garden
966,kiwi
967,navy
968,nh-serv.co.uk
969,paris
970,td
971,aq
972,com.ly
973,edu.gt
974,energy
975,fk
976,flights
977,go.ke
978,lr
979,realtor
980,srv.br
981,blogspot.de
982,careers
983,gov.eg
984,gu
985,koeln
986,mt.us
987,recipes
988,auction
989,blogspot.fr
990,co.it
991,edu.ve
992,family
993,gd.cn
994,gleeze.com
995,il.us
996,ma.us
997,pizza
998,wmflabs.org
999,youtube
1000,edu.ru
1001,gda.pl
1002,institute
1003,kpmg
1004,servehttp.com
1005,wine
1006,abbott
1007,ads
1008,aw
1009,co.com
1010,nc.us
1011,net.ba
1012,s3-website-ap-northeast-1.amazonaws.com
1013,wedding
1014,bayern
1015,camera
1016,cards
1017,giize.com
1018,gov.py
1019,or.ke
1020,poker
1021,zp.ua
1022,fitness
1023,gw
1024,ru.net
1025,serveftp.com
1026,amsterdam
1027,discount
1028,gov.mv
1029,ia.us
1030,in.us
1031,krd
1032,mil.id
1033,nj.us
1034,ski
1035,tokyo.jp
1036,blogspot.hk
1037,blogspot.jp
1038,dnsalias.com
1039,edu.pe
1040,fashion
1041,fed.us
1042,platform.sh
1043,yandexcloud.net
1044,3utilities.com
1045,blogspot.com.au
1046,br.com
1047,inc
1048,kommune.no
1049,storage.yandexcloud.net
1050,edu.eg
1051,glass
1052,go.ug
1053,lviv.ua
1054,vipsinaapp.com
1055,we.bs
1056,dental
1057,eti.br
1058,fj.cn
1059,golf
1060,k12.id.us
1061,mo.it
1062,mr
1063,nsw.edu.au
1064,place
1065,asso.fr
1066,bel.tr
1067,co.uz
1068,dyndns.ws
1069,kitchen
1070,moscow
1071,pr.gov.br
1072,rj.gov.br
1073,shoes
1074,us.org
1075,va.us
1076,ventures
1077,za.net
1078,ac.rs
1079,bot
1080,boutique
1081,coach
1082,edu.jo
1083,k12.fl.us
1084,k12.wy.us
1085,ooguy.com
1086,servegame.com
1087,barcelona
1088,freedesktop.org
1089,gov.qa
1090,la.us
1091,net.mv
1092,s3-website.ap-northeast-2.amazonaws.com
1093,bounceme.net
1094,bz.it
1095,ddnsfree.com
1096,k12.mt.us
1097,nerdpol.ovh
1098,pharmacy
1099,tours
1100,wroc.pl
1101,yoga
1102,ac.lk
1103,audi
1104,bloxcms.com
1105,ddns.me
1106,istanbul
1107,platformsh.site
1108,sydney
1109,ac.vn
1110,b.ssl.fastly.net
1111,com.lr
1112,edu.ua
1113,edu.uy
1114,graphics
1115,k12.mi.us
1116,menu
1117,net.gt
1118,repl.co
1119,url.tw
1120,64-b.it
1121,ac.cr
1122,biz.ua
1123,fox
1124,goo
1125,gov.do
1126,gov.ma
1127,mg.gov.br
1128,on-aptible.com
1129,sport
1130,toys
1131,camp
1132,com.km
1133,com.sb
1134,dating
1135,gmbh
1136,gn
1137,k12.wi.us
1138,mo.us
1139,net.bn
1140,ac.ug
1141,box
1142,bplaced.net
1143,clinic
1144,dynns.com
1145,gov.kz
1146,hamburg
1147,homelinux.org
1148,pe.ca
1149,rep.kp
1150,shopping
1151,army
1152,cloudaccess.net
1153,com.gi
1154,com.ps
1155,fail
1156,gov.ir
1157,rs.gov.br
1158,wales
1159,wien
1160,you
1161,blogspot.it
1162,blogspot.ru
1163,brussels
1164,co.ua
1165,com.gu
1166,fans
1167,gob.do
1168,lg.ua
1169,melbourne
1170,nt.ca
1171,pl.ua
1172,realty
1173,s3-website-ap-southeast-2.amazonaws.com
1174,sz
1175,art.br
1176,awsmppl.com
1177,black
1178,cricket
1179,dyndns-server.com
1180,estate
1181,fedorapeople.org
1182,gotdns.ch
1183,gov.af
1184,gov.lb
1185,gov.pt
1186,if.ua
1187,kh.ua
1188,loginto.me
1189,md.us
1190,mom
1191,net.om
1192,net.tt
1193,nm.us
1194,or.ug
1195,post
1196,rentals
1197,repair
1198,s3-eu-west-2.amazonaws.com
1199,tuxfamily.org
1200,blogspot.mx
1201,cisco
1202,com.sl
1203,eco
1204,faith
1205,go.tz
1206,gov.ps
1207,hk.org
1208,k12.in.us
1209,k12.ut.us
1210,keymachine.de
1211,miami
1212,microsoft
1213,myjino.ru
1214,net.py
1215,office
1216,org.co
1217,org.pe
1218,org.sa
1219,osaka.jp
1220,s3-ap-northeast-2.amazonaws.com
1221,sbi
1222,sx.cn
1223,ac.ae
1224,com.pf
1225,edu.bn
1226,edu.ng
1227,eng.br
1228,info.pl
1229,jl.cn
1230,jp.net
1231,limited
1232,no-ip.net
1233,org.es
1234,restaurant
1235,te.ua
1236,tsk.tr
1237,wa.edu.au
1238,webhop.net
1239,xn--io0a7i
1240,com.tj
1241,forsale
1242,freeddns.org
1243,gov.la
1244,k12.tr
1245,lighting
1246,ne.kr
1247,nrw
1248,odessa.ua
1249,org.rs
1250,plc.uk
1251,school.nz
1252,selfip.com
1253,webhop.me
1254,biz.pl
1255,clothing
1256,com.tn
1257,gov.ng
1258,k12.mo.us
1259,katowice.pl
1260,kharkov.ua
1261,ks.ua
1262,n4t.co
1263,opole.pl
1264,servemp3.com
1265,sky
1266,ac.cy
1267,ac.mz
1268,ah.cn
1269,blogspot.nl
1270,co.vi
1271,com.nf
1272,dance
1273,edu.lb
1274,go.cr
1275,gov.sy
1276,healthcare
1277,ks.us
1278,lgbt
1279,net.ec
1280,net.ma
1281,nx.cn
1282,saxo
1283,solar
1284,srl
1285,tattoo
1286,bologna.it
1287,bzh
1288,carrd.co
1289,club.tw
1290,co.tt
1291,cymru
1292,dreamhosters.com
1293,enterprises
1294,game.tw
1295,gov.az
1296,gov.mn
1297,gov.rs
1298,gov.scot
1299,gov.tm
1300,hk.cn
1301,immo
1302,k12.va.us
1303,krakow.pl
1304,lawyer
1305,ne.us
1306,ngo
1307,properties
1308,s3.dualstack.ap-northeast-1.amazonaws.com
1309,stuff-4-sale.us
1310,theworkpc.com
1311,tur.br
1312,ac.ru
1313,ba.gov.br
1314,drayddns.com
1315,edu.it
1316,gov.bh
1317,gov.by
1318,green
1319,k12.co.us
1320,mq
1321,olsztyn.pl
1322,realestate
1323,cc.ca.us
1324,co.ir
1325,ct.us
1326,eu-west-2.elasticbeanstalk.com
1327,gal
1328,gov.ve
1329,k12.la.us
1330,lublin.pl
1331,luxe
1332,net.mt
1333,net.ni
1334,onrender.com
1335,sa.gov.au
1336,szczecin.pl
1337,yk.ca
1338,auto
1339,az.us
1340,blog.br
1341,cu.cc
1342,er
1343,financial
1344,g12.br
1345,gub.uy
1346,icbc
1347,iobb.net
1348,kred
1349,lima-city.de
1350,med.br
1351,ms.us
1352,parts
1353,pro.br
1354,ruhr
1355,s3-website.us-east-2.amazonaws.com
1356,sc.us
1357,sumy.ua
1358,supplies
1359,vt.us
1360,cheap
1361,com.kp
1362,construction
1363,dnsalias.net
1364,dvrdns.org
1365,edu.mg
1366,edu.mk
1367,equipment
1368,football
1369,gov.ie
1370,hi.us
1371,hokkaido.jp
1372,mh
1373,mil.ru
1374,net.sb
1375,nfshost.com
1376,prod
1377,productions
1378,s3-website.eu-west-2.amazonaws.com
1379,accountant
1380,av.tr
1381,bj.cn
1382,bydgoszcz.pl
1383,catholic.edu.au
1384,ceo
1385,com.hn
1386,credit
1387,cri.nz
1388,dynalias.com
1389,edu.rs
1390,from-ks.com
1391,homedns.org
1392,insure
1393,k12.oh.us
1394,km.ua
1395,mil.co
1396,pro.vn
1397,r.cdn77.net
1398,serveirc.com
1399,sucks
1400,uberspace.de
1401,wroclaw.pl
1402,xn--80asehdb
1403,ac.ke
1404,ac.tz
1405,art.pl
1406,builders
1407,computer
1408,dyndns-ip.com
1409,edu.et
1410,endofinternet.net
1411,fr.eu.org
1412,gf
1413,gop.pk
1414,gov.kw
1415,homes
1416,imb.br
1417,in-berlin.de
1418,k12.pa.us
1419,kr.ua
1420,manaus.br
1421,pe.kr
1422,s3.dualstack.ap-south-1.amazonaws.com
1423,sn.cn
1424,ss
1425,tirol
1426,webhop.org
1427,ar.us
1428,blogspot.com.ar
1429,boston
1430,chirurgiens-dentistes.fr
1431,coupons
1432,diet
1433,diskstation.me
1434,edu.bo
1435,edu.gr
1436,gov.bb
1437,hopto.me
1438,i234.me
1439,in.rs
1440,industries
1441,k12.ne.us
1442,k12.ny.us
1443,leg.br
1444,mba
1445,muni.il
1446,nv.us
1447,or.at
1448,org.ng
1449,org.uy
1450,poltava.ua
1451,qld.edu.au
1452,uz.ua
1453,associates
1454,bible
1455,citic
1456,cologne
1457,demon.nl
1458,gb
1459,gov.bt
1460,gov.om
1461,holiday
1462,mk.ua
1463,monash
1464,myfritz.net
1465,neustar
1466,off
1467,org.ir
1468,org.mo
1469,radio
1470,rent
1471,rv.ua
1472,sc.gov.br
1473,seoul.kr
1474,serveblog.net
1475,servepics.com
1476,servequake.com
1477,spdns.de
1478,uk0.bigv.io
1479,villas
1480,vlaanderen
1481,vote
1482,arq.br
1483,attorney
1484,baidu
1485,blogspot.gr
1486,brother
1487,college
1488,cq.cn
1489,cv.ua
1490,dy.fi
1491,edu.do
1492,fedorainfracloud.org
1493,gotdns.org
1494,hi.cn
1495,horse
1496,k12.ct.us
1497,k12.ia.us
1498,loans
1499,mortgage
1500,nh.us
1501,okinawa
1502,salon
1503,sardegna.it
1504,xn--p1acf
1505,za.com
1506,aichi.jp
1507,al.us
1508,apple
1509,baby
1510,blogspot.ch
1511,bo.it
1512,bv
1513,capetown
1514,caspio.com
1515,cbs
1516,co.rw
1517,com.lk
1518,edu.gh
1519,edu.qa
1520,gob.cl
1521,haus
1522,health.nz
1523,hk.com
1524,holdings
1525,iki.fi
1526,investments
1527,k12.nc.us
1528,med
1529,med.sa
1530,mi.it
1531,moda
1532,mydrobo.com
1533,mypsx.net
1534,nm.cn
1535,nra
1536,ok.us
1537,pa.gov.br
1538,s3-website-sa-east-1.amazonaws.com
1539,sa.cr
1540,selfip.net
1541,servehalflife.com
1542,serveminecraft.net
1543,sj
1544,tas.gov.au
1545,xn--55qx5d
1546,zj.cn
1547,al.gov.br
1548,alsace
1549,alwaysdata.net
1550,archi
1551,basketball
1552,bialystok.pl
1553,blogspot.kr
1554,brasilia.me
1555,ce.gov.br
1556,co.ae
1557,co.om
1558,durban
1559,gob.gt
1560,hb.cn
1561,joburg
1562,k12.ga.us
1563,k12.sc.us
1564,leclerc
1565,mywire.org
1566,net.rw
1567,pe.gov.br
1568,s3.dualstack.ap-southeast-2.amazonaws.com
1569,total
1570,university
1571,vacations
1572,workisboring.com
1573,biz.tr
1574,blackbaudcdn.net
1575,blogspot.com.tr
1576,blogspot.pt
1577,ca-central-1.elasticbeanstalk.com
1578,camdvr.org
1579,cnt.br
1580,co.sz
1581,coop.br
1582,doctor
1583,dynalias.net
1584,edu.kw
1585,edu.lk
1586,es.gov.br
1587,fi.cr
1588,gov.al
1589,gov.fj
1590,hiroshima.jp
1591,homeunix.com
1592,jetzt
1593,jpn.com
1594,miniserver.com
1595,mt.gov.br
1596,orange
1597,sa.com
1598,servecounterstrike.com
1599,soccer
1600,study
1601,tm.fr
1602,ac.fj
1603,blogspot.fi
1604,blogspot.se
1605,cloudaccess.host
1606,co.gy
1607,com.gn
1608,dattoweb.com
1609,discourse.group
1610,dyndns-office.com
1611,eco.br
1612,edu.bh
1613,familyds.com
1614,feedback
1615,gliwice.pl
1616,gob.bo
1617,gov.et
1618,gov.ky
1619,gov.mz
1620,hl.cn
1621,hn.cn
1622,intel
1623,jewelry
1624,k12.nj.us
1625,kicks-ass.org
1626,nagoya
1627,ne.pw
1628,org.af
1629,org.lb
1630,outsystemscloud.com
1631,padova.it
1632,rzeszow.pl
1633,sncf
1634,tn.us
1635,xn--6qq986b3xl
1636,blogspot.co.at
1637,cern
1638,ciscofreak.com
1639,cn-northwest-1.eb.amazonaws.com.cn
1640,csc
1641,ddnss.de
1642,df.gov.br
1643,edu.mt
1644,edu.sd
1645,emilia-romagna.it
1646,eu-west-3.elasticbeanstalk.com
1647,fastvps-server.com
1648,go.gov.br
1649,gov.ge
1650,gov.lv
1651,gov.sd
1652,kaufen
1653,ma.gov.br
1654,mayfirst.org
1655,memset.net
1656,mil.br
1657,net.kw
1658,ong
1659,pp.se
1660,puglia.it
1661,s3-ca-central-1.amazonaws.com
1662,sa.edu.au
1663,sd.cn
1664,spdns.org
1665,toscana.it
1666,xn--3ds443g
1667,xn--80adxhks
1668,barclays
1669,bargains
1670,ck.ua
1671,compute.amazonaws.com
1672,de.us
1673,dentist
1674,edu.iq
1675,etc.br
1676,furniture
1677,gov.gh
1678,k12.az.us
1679,k12.il.us
1680,kumamoto.jp
1681,lidl
1682,ltda
1683,mil.cn
1684,net.et
1685,net.fj
1686,nsupdate.info
1687,okayama.jp
1688,organic
1689,poa.br
1690,pr.it
1691,quebec
1692,ra.it
1693,reisen
1694,repl.run
1695,sc.cn
1696,se.net
1697,webredirect.org
1698,abc
1699,accesscam.org
1700,actor
1701,adm.br
1702,blogspot.be
1703,blogspot.com.co
1704,blogspot.hu
1705,blogspot.ro
1706,casacam.net
1707,claims
1708,cleaning
1709,cloudns.cc
1710,dedyn.io
1711,edu.mn
1712,edu.ni
1713,edu.om
1714,exposed
1715,forex
1716,gov.bs
1717,gov.mk
1718,gov.tt
1719,gv.ao
1720,homelinux.com
1721,kanagawa.jp
1722,lib.tx.us
1723,markets
1724,me.us
1725,mil.my
1726,milano.it
1727,nagano.jp
1728,nctu.me
1729,net.eu.org
1730,net.ng
1731,net.qa
1732,pulawy.pl
1733,radom.pl
1734,rio
1735,scb
1736,stufftoread.com
1737,toyota
1738,xn--ses554g
1739,ac.zw
1740,blogspot.cl
1741,catering
1742,cc.il.us
1743,com.ba
1744,cooking
1745,courses
1746,czest.pl
1747,damnserver.com
1748,edu.cu
1749,fvg.it
1750,gob.ni
1751,gouv.sn
1752,gov.gr
1753,info.tr
1754,info.ve
1755,iwate.jp
1756,k12.ak.us
1757,k12.ar.us
1758,k12.tx.us
1759,llp
1760,lombardia.it
1761,net.bo
1762,net.gr
1763,net.ly
1764,nl.ca
1765,okinawa.jp
1766,org.mk
1767,org.mt
1768,org.py
1769,pp.ru
1770,re.it
1771,s3.dualstack.us-east-2.amazonaws.com
1772,saitama.jp
1773,search
1774,serveftp.net
1775,singles
1776,spb.su
1777,static.observableusercontent.com
1778,to.gov.br
1779,vanguard
1780,aaa
1781,accenture
1782,alt.za
1783,aq.it
1784,blackfriday
1785,blogdns.net
1786,blogsite.org
1787,blogspot.co.nz
1788,cc.ua
1789,cci.fr
1790,chiba.jp
1791,co.im
1792,com.by
1793,com.kz
1794,cs.it
1795,dep.no
1796,diamonds
1797,fi.it
1798,from.hr
1799,gdynia.pl
1800,gen.in
1801,gives
1802,gov.ws
1803,guitars
1804,hockey
1805,kagoshima.jp
1806,lib.md.us
1807,man
1808,mobile
1809,myasustor.com
1810,myiphost.com
1811,nb.ca
1812,net.uy
1813,no.com
1814,notaires.fr
1815,nu.ca
1816,org.qa
1817,oz
1818,physio
1819,rn.gov.br
1820,s3.dualstack.ap-northeast-2.amazonaws.com
1821,schwarz
1822,shizuoka.jp
1823,sicilia.it
1824,soy
1825,tienda
1826,trieste.it
1827,warszawa.pl
1828,web.lk
1829,xn--fiqs8s
1830,zero
1831,zgora.pl
1832,agr.br
1833,blogspot.qa
1834,co.nl
1835,com.se
1836,corsica
1837,dd-dns.de
1838,does-it.net
1839,dscloud.me
1840,dyndns-remote.com
1841,edu.ee
1842,elblag.pl
1843,eu.int
1844,fukushima.jp
1845,geek.nz
1846,gent
1847,gmail
1848,gov.cl
1849,gov.rw
1850,gr.com
1851,gsm.pl
1852,gz.cn
1853,idf.il
1854,immobilien
1855,k12.de.us
1856,kiwi.nz
1857,kyoto
1858,loseyourip.com
1859,luxury
1860,media.pl
1861,mp.br
1862,mus.br
1863,net.eg
1864,noip.us
1865,nov.ru
1866,now
1867,observer
1868,or.cr
1869,org.rw
1870,pb.gov.br
1871,podzone.net
1872,point2this.com
1873,property
1874,s3-website.ap-south-1.amazonaws.com
1875,saarland
1876,sd.us
1877,selfip.biz
1878,tatar
1879,tennis
1880,tn.it
1881,to.it
1882,tur.ar
1883,ui.nabu.casa
1884,veneto.it
1885,voyage
1886,webhosting.be
1887,withyoutube.com
1888,wv.us
1889,xn--90ais
1890,xn--fiq228c5hs
1891,yokohama
1892,bergamo.it
1893,career
1894,co.pl
1895,com.vi
1896,contractors
1897,dyndns-blog.com
1898,dyndns-home.com
1899,edu.af
1900,edu.az
1901,edu.lv
1902,engineer
1903,fin.ec
1904,fukuoka.jp
1905,gb.net
1906,gob.pa
1907,gov.cy
1908,gov.dz
1909,gov.tl
1910,gunma.jp
1911,hospital
1912,hyogo.jp
1913,idv.hk
1914,info.at
1915,is-a-geek.com
1916,jx.cn
1917,kalisz.pl
1918,konin.pl
1919,ky.us
1920,lib.mi.us
1921,lib.mn.us
1922,lubin.pl
1923,lutsk.ua
1924,mazury.pl
1925,mielec.pl
1926,mil.ph
1927,name.ng
1928,name.tr
1929,nsn.us
1930,org.bo
1931,org.fj
1932,org.gt
1933,pg.it
1934,poivron.org
1935,priv.at
1936,qualifioapp.com
1937,rehab
1938,s3-website.ca-central-1.amazonaws.com
1939,s3.dualstack.eu-central-1.amazonaws.com
1940,serveftp.org
1941,slask.pl
1942,slupsk.pl
1943,spdns.eu
1944,square7.ch
1945,tochigi.jp
1946,ufcfan.org
1947,webhop.info
1948,weir
1949,xn--czr694b
1950,xn--kput3i
1951,xn--rhqv96g
1952,yahoo
1953,a.prod.fastly.net
1954,ac.im
1955,ac.ma
1956,act.edu.au
1957,airforce
1958,altoadige.it
1959,apartments
1960,azure
1961,blogspot.ae
1962,blogspot.co.il
1963,blogspot.com.eg
1964,blogspot.ie
1965,blogspot.pe
1966,campania.it
1967,cba
1968,cc.fl.us
1969,cdn77-ssl.net
1970,cloud.goog
1971,co.na
1972,com.bt
1973,com.fr
1974,com.ht
1975,comcast
1976,country
1977,cuisinella
1978,data
1979,dnsalias.org
1980,doesntexist.com
1981,dscloud.biz
1982,edu.py
1983,eun.eg
1984,firenze.it
1985,fishing
1986,floripa.br
1987,florist
1988,forgot.his.name
1989,fortal.br
1990,futbol
1991,gov.iq
1992,he.cn
1993,homeftp.net
1994,hot
1995,hs.kr
1996,ibaraki.jp
1997,it.ao
1998,k12.al.us
1999,k12.me.us
2000,k12.nv.us
2001,limo
2002,livorno.it
2003,lpusercontent.com
2004,malopolska.pl
2005,map
2006,ms.gov.br
2007,myfirewall.org
2008,na.it
2009,name.my
2010,nara.jp
2011,net.ki
2012,nf.ca
2013,org.gr
2014,org.mw
2015,org.ro
2016,org.tn
2017,pisa.it
2018,pisz.pl
2019,potager.org
2020,ppg.br
2021,roma.it
2022,rybnik.pl
2023,ryukyu
2024,s3.dualstack.sa-east-1.amazonaws.com
2025,s5y.io
2026,se.gov.br
2027,seat
2028,sklep.pl
2029,storage
2030,tottori.jp
2031,urown.cloud
2032,versicherung
2033,wakayama.jp
2034,wloclawek.pl
2035,ac.me
2036,ac.pa
2037,am.gov.br
2038,ap.gov.br
2039,art.museum
2040,basicserver.io
2041,bbc
2042,bg.it
2043,blogspot.com.ng
2044,blogspot.dk
2045,blogspot.no
2046,blogspot.sk
2047,cc.or.us
2048,chambagri.fr
2049,dnsfor.me
2050,doesntexist.org
2051,donetsk.ua
2052,dontexist.com
2053,dontexist.org
2054,dsmynas.com
2055,dyndns-mail.com
2056,edu.sv
2057,ehime.jp
2058,es.kr
2059,foo
2060,gouv.ml
2061,gov.zm
2062,gripe
2063,isa-geek.org
2064,java
2065,jor.br
2066,kyoto.jp
2067,legnica.pl
2068,madrid
2069,memorial
2070,miyagi.jp
2071,myddns.rocks
2072,nd.us
2073,ne.tz
2074,net.cu
2075,niigata.jp
2076,nom.es
2077,office-on-the.net
2078,oita.jp
2079,org.zw
2080,per.sg
2081,perugia.it
2082,pi.gov.br
2083,piemonte.it
2084,play
2085,pointto.us
2086,red.sv
2087,sanok.pl
2088,sapporo.jp
2089,sarl
2090,school.za
2091,schule
2092,selfip.org
2093,sells-it.net
2094,shimane.jp
2095,sosnowiec.pl
2096,surgery
2097,theater
2098,uber.space
2099,ud.it
2100,walbrzych.pl
2101,weber
2102,xn--c1avg
2103,xn--czru2d
2104,xn--j1amh
2105,xn--mk1bu44c
2106,xz.cn
2107,yamagata.jp
2108,yn.cn
2109,za.org
2110,4u.com
2111,abogado
2112,akita.jp
2113,ar.com
2114,azurecontainer.io
2115,blogspot.cz
2116,bom
2117,bs.it
2118,cars
2119,cbn
2120,cc.ia.us
2121,charity
2122,christmas
2123,cn.it
2124,co.je
2125,com.cm
2126,com.ky
2127,com.vu
2128,compute-1.amazonaws.com
2129,day
2130,ddnss.org
2131,degree
2132,dvag
2133,dvrcam.info
2134,dynalias.org
2135,edu.eu.org
2136,edu.mv
2137,edu.ps
2138,edu.pt
2139,enterprisecloud.nu
2140,esp.br
2141,firm.in
2142,fm.br
2143,fr.it
2144,freeboxos.fr
2145,freesite.host
2146,from-ne.com
2147,genova.it
2148,gmina.pl
2149,gop
2150,got
2151,gouv.ci
2152,gov.ba
2153,gov.bm
2154,gov.ly
2155,gs.cn
2156,honda
2157,hotmail
2158,is-by.us
2159,is.it
2160,jnj
2161,k12.ma.us
2162,k12.ms.us
2163,k12.ok.us
2164,klodzko.pl
2165,lease
2166,lib.ia.us
2167,lib.or.us
2168,marche.it
2169,mma
2170,modena.it
2171,ms.kr
2172,msd
2173,nagasaki.jp
2174,napoli.it
2175,net.ir
2176,nom.fr
2177,odo.br
2178,of.by
2179,org.do
2180,org.ge
2181,org.im
2182,org.la
2183,org.mz
2184,osaka
2185,philips
2186,pila.pl
2187,pimienta.org
2188,plumbing
2189,podzone.org
2190,ponpes.id
2191,prato.it
2192,psc.br
2193,pv.it
2194,quipelements.com
2195,ras.ru
2196,rimini.it
2197,ro.gov.br
2198,rodeo
2199,s3-eu-west-3.amazonaws.com
2200,s3-fips-us-gov-west-1.amazonaws.com
2201,security
2202,shiksha
2203,sina
2204,swidnica.pl
2205,taobao
2206,toyama.jp
2207,toyonaka.osaka.jp
2208,tui
2209,tv.tr
2210,tw.cn
2211,tychy.pl
2212,vda.it
2213,vgs.no
2214,viajes
2215,vodka
2216,wielun.pl
2217,xen.prgmr.com
2218,xn--54b7fta0cc
2219,xn--9dbq2a
2220,xn--vuq861b
2221,ac.gov.br
2222,ac.rw
2223,ac.se
2224,ae.org
2225,aeroport.fr
2226,africa.com
2227,agric.za
2228,alstahaug.no
2229,amazon
2230,ancona.it
2231,android
2232,aomori.jp
2233,asahikawa.hokkaido.jp
2234,b.br
2235,ba.it
2236,basilicata.it
2237,bhz.br
2238,bing
2239,bio.br
2240,bitballoon.com
2241,blogdns.com
2242,blogspot.hr
2243,bsb.br
2244,bytom.pl
2245,cfa
2246,cieszyn.pl
2247,cn.ua
2248,co.me
2249,com.dz
2250,com.iq
2251,com.kg
2252,com.uz
2253,com.zm
2254,cpa
2255,creditunion
2256,cruises
2257,ct.it
2258,cyon.site
2259,def.br
2260,dell
2261,ditchyourip.com
2262,edu.bt
2263,edu.krd
2264,edu.pa
2265,elk.pl
2266,fage
2267,fe.it
2268,firmdale
2269,for-better.biz
2270,fukui.jp
2271,fukuyama.hiroshima.jp
2272,game-host.org
2273,gifu.jp
2274,gniezno.pl
2275,gos.pk
2276,gov.bf
2277,gov.ls
2278,gov.lt
2279,gov.pr
2280,hirakata.osaka.jp
2281,ichinoseki.iwate.jp
2282,id.lv
2283,istmein.de
2284,jcb
2285,jdevcloud.com
2286,k12.nm.us
2287,kherson.ua
2288,komatsu
2289,kr.com
2290,kyiv.ua
2291,lazio.it
2292,lib.fl.us
2293,lib.in.us
2294,liguria.it
2295,magentosite.cloud
2296,matsumoto.nagano.jp
2297,mil.ec
2298,mil.pl
2299,miyazaki.jp
2300,moi
2301,msk.su
2302,nagoya.jp
2303,net.gy
2304,net.jo
2305,net.sy
2306,next
2307,nieruchomosci.pl
2308,nom.co
2309,or.it
2310,org.ae
2311,org.bw
2312,org.cy
2313,org.na
2314,org.pt
2315,ownprovider.com
2316,palermo.it
2317,phone
2318,pid
2319,prd.fr
2320,qh.cn
2321,radio.br
2322,read-books.org
2323,rio.br
2324,rugby
2325,s3-website.eu-west-3.amazonaws.com
2326,sampa.br
2327,sch.ng
2328,servebbs.com
2329,seto.aichi.jp
2330,siena.it
2331,sm.ua
2332,smart
2333,space-to-rent.com
2334,suwalki.pl
2335,target
2336,trading
2337,trust
2338,tula.su
2339,ups
2340,va.it
2341,web.ve
2342,wpdevcloud.com
2343,xn--hxt814e
2344,xn--j6w193g
2345,xn--tckwe
2346,yao.osaka.jp
2347,yokohama.jp
2348,zagan.pl
2349,zarow.pl
2350,zt.ua
2351,a.se
2352,abruzzo.it
2353,ac.mu
2354,adachi.tokyo.jp
2355,afl
2356,agro.pl
2357,akita.akita.jp
2358,aland.fi
2359,ama.aichi.jp
2360,an.it
2361,anjo.aichi.jp
2362,aosta.it
2363,ap.it
2364,appchizi.com
2365,ar.it
2366,aso.kumamoto.jp
2367,at-band-camp.net
2368,at.it
2369,axa
2370,azumino.nagano.jp
2371,bazar
2372,beppu.oita.jp
2373,bl.it
2374,blogdns.org
2375,blogspot.bg
2376,blogspot.co.za
2377,blogspot.rs
2378,bms
2379,bnr.la
2380,brescia.it
2381,broadway
2382,bungotakada.oita.jp
2383,bunkyo.tokyo.jp
2384,cc.al.us
2385,co.network
2386,com.ml
2387,com.st
2388,com.sy
2389,condos
2390,cr.it
2391,creditcard
2392,cuneo.it
2393,curitiba.br
2394,democrat
2395,dh.bytemark.co.uk
2396,diy
2397,dnsdojo.com
2398,doomdns.com
2399,dot
2400,drive
2401,dweb.link
2402,dyndns-at-home.com
2403,dyndns-free.com
2404,dyndns-work.com
2405,ed.cr
2406,edu.al
2407,edu.ba
2408,edu.bb
2409,edu.ge
2410,edu.kg
2411,edu.ly
2412,edu.sy
2413,eu-2.evennode.com
2414,far.br
2415,fc.it
2416,fedex
2417,fhsk.se
2418,folkebibl.no
2419,fot.br
2420,fujieda.shizuoka.jp
2421,fukushima.fukushima.jp
2422,funabashi.chiba.jp
2423,game-server.cc
2424,gay
2425,gdansk.pl
2426,gets-it.net
2427,golffan.us
2428,gouv.bj
2429,gov.dm
2430,gov.lc
2431,gov.me
2432,gov.mg
2433,gov.mr
2434,gov.sb
2435,gov.to
2436,gov.vc
2437,gr.it
2438,hbo
2439,hicam.net
2440,ilawa.pl
2441,ing
2442,is-a-doctor.com
2443,is-leet.com
2444,ishikawa.jp
2445,iz.hr
2446,jgora.pl
2447,juegos
2448,k12.ks.us
2449,k12.vt.us
2450,kagawa.jp
2451,kharkiv.ua
2452,kobe.jp
2453,kutno.pl
2454,landrover
2455,le.it
2456,lezajsk.pl
2457,lib
2458,lib.il.us
2459,like
2460,malbork.pl
2461,med.pl
2462,mg.leg.br
2463,mil.lv
2464,minato.tokyo.jp
2465,misconfused.org
2466,mn.it
2467,mo.cn
2468,mov
2469,mypets.ws
2470,mypi.co
2471,net.kg
2472,net.mo
2473,net.pa
2474,net.ws
2475,no-ip.ca
2476,nohost.me
2477,org.al
2478,org.bh
2479,org.bt
2480,org.hu
2481,org.jo
2482,org.kw
2483,org.kz
2484,org.lk
2485,org.ls
2486,org.ly
2487,org.ma
2488,org.pa
2489,org.sv
2490,org.ug
2491,org.zm
2492,ostroleka.pl
2493,ostrowiec.pl
2494,ota.tokyo.jp
2495,ozu.ehime.jp
2496,parliament.nz
2497,pc.pl
2498,pe.it
2499,pi.it
2500,pin
2501,pistoia.it
2502,pomorskie.pl
2503,reise
2504,ri.us
2505,rich
2506,rm.it
2507,ro.it
2508,rr.gov.br
2509,samsung
2510,sandvik
2511,sassari.it
2512,sch.ir
2513,sci.eg
2514,securitytactics.com
2515,sendai.jp
2516,servebbs.org
2517,servep2p.com
2518,sew
2519,spot
2520,store.ro
2521,tgory.pl
2522,thruhere.net
2523,torino.it
2524,toyota.aichi.jp
2525,turek.pl
2526,tv.it
2527,ulsan.kr
2528,us-3.evennode.com
2529,utwente.io
2530,uzhgorod.ua
2531,venezia.it
2532,vet.br
2533,vinnica.ua
2534,vm.bytemark.co.uk
2535,vpndns.net
2536,vr.it
2537,web.pk
2538,webhop.biz
2539,windows
2540,xn--6frz82g
2541,xn--90ae
2542,xn--ngbc5azd
2543,xn--o3cw4h
2544,xn--q9jyb4c
2545,yamanashi.jp
2546,zakopane.pl
2547,abudhabi
2548,ac.leg.br
2549,ac.zm
2550,accountants
2551,agrinet.tn
2552,aju.br
2553,akashi.hyogo.jp
2554,al.it
2555,alibaba
2556,alipay
2557,amagasaki.hyogo.jp
2558,anz
2559,app.render.com
2560,arakawa.tokyo.jp
2561,arida.wakayama.jp
2562,ashikaga.tochigi.jp
2563,asti.it
2564,atsugi.kanagawa.jp
2565,auto.pl
2566,avellino.it
2567,bari.it
2568,beep.pl
2569,better-than.tv
2570,blogspot.ba
2571,blogspot.co.ke
2572,blogspot.com.by
2573,blogspot.li
2574,blogspot.sn
2575,boleslawiec.pl
2576,bolzano.it
2577,bosch
2578,br.it
2579,calabria.it
2580,campobasso.it
2581,cancerresearch
2582,caxias.br
2583,cc.ar.us
2584,cc.ga.us
2585,cc.id.us
2586,cc.ms.us
2587,cc.tx.us
2588,cc.wa.us
2589,ch.it
2590,channelsdvr.net
2591,chiyoda.tokyo.jp
2592,ci.it
2593,cim.br
2594,cloudns.pro
2595,co.cm
2596,co.no
2597,co.place
2598,com.bs
2599,com.ee
2600,com.lc
2601,com.tm
2602,com.tt
2603,crimea.ua
2604,customer.speedpartner.de
2605,daegu.kr
2606,date.hokkaido.jp
2607,dc.us
2608,dnsup.net
2609,dsmynas.org
2610,dtv
2611,dyn
2612,dyndns-at-work.com
2613,edu.bz
2614,edu.dz
2615,edu.es
2616,edu.hn
2617,edu.ml
2618,edu.tm
2619,edu.za
2620,emr.it
2621,ens.tn
2622,erni
2623,esq
2624,fast
2625,fg.it
2626,firewall-gateway.de
2627,flowers
2628,free
2629,from-ak.com
2630,from-or.com
2631,fuji.shizuoka.jp
2632,fukaya.saitama.jp
2633,fukui.fukui.jp
2634,furukawa.miyagi.jp
2635,fussa.tokyo.jp
2636,gap
2637,gb.com
2638,ge.it
2639,glogow.pl
2640,gmo
2641,gmx
2642,gnu
2643,go.it
2644,gob.hn
2645,gob.pk
2646,gouv.ht
2647,gov.ec
2648,gov.gi
2649,gov.gn
2650,gov.gy
2651,gov.kg
2652,gov.kp
2653,gov.ml
2654,gov.mu
2655,gov.sc
2656,gov.sl
2657,gov.so
2658,gru.br
2659,gucci
2660,gyeonggi.kr
2661,hadano.kanagawa.jp
2662,ham-radio-op.net
2663,health-carereform.com
2664,home.dyndns.org
2665,i.ph
2666,i2p
2667,ice
2668,imabari.ehime.jp
2669,inf.ua
2670,info.hu
2671,insurance
2672,int.ru
2673,iruma.saitama.jp
2674,is-a-chef.net
2675,is-a-geek.net
2676,is-an-engineer.com
2677,is-lost.org
2678,isteingeek.de
2679,itv
2680,iwi.nz
2681,izumi.kagoshima.jp
2682,jaworzno.pl
2683,jll
2684,k12.ky.us
2685,k12.md.us
2686,k12.nh.us
2687,karpacz.pl
2688,kasuga.fukuoka.jp
2689,kawakami.nagano.jp
2690,kep.tr
2691,kerrylogistics
2692,kiso.nagano.jp
2693,knowsitall.info
2694,krasnik.pl
2695,kurobe.toyama.jp
2696,lamborghini
2697,lanxess
2698,lebork.pl
2699,lego
2700,lel.br
2701,lib.al.us
2702,lib.ca.us
2703,lib.me.us
2704,lib.nh.us
2705,lib.oh.us
2706,lilly
2707,lolipop.io
2708,lomza.pl
2709,lucca.it
2710,maison
2711,mango
2712,mantova.it
2713,marriott
2714,marugame.kagawa.jp
2715,matsuyama.ehime.jp
2716,mc.it
2717,me.it
2718,medecin.fr
2719,meteorapp.com
2720,micro
2721,mihama.wakayama.jp
2722,mil.nz
2723,mil.pe
2724,mil.tr
2725,mil.uy
2726,mil.ve
2727,mit
2728,mlbfan.org
2729,molise.it
2730,ms.it
2731,my-firewall.org
2732,my-wan.de
2733,mypep.link
2734,nagano.nagano.jp
2735,naklo.pl
2736,nat.tn
2737,nec
2738,net.cm
2739,net.gn
2740,net.ml
2741,neyagawa.osaka.jp
2742,nom.br
2743,nt.edu.au
2744,nt.ro
2745,nu.it
2746,nysa.pl
2747,obi
2748,og.ao
2749,okinawa.okinawa.jp
2750,olecko.pl
2751,olkusz.pl
2752,on-rio.io
2753,on-web.fr
2754,org.ba
2755,org.bz
2756,org.et
2757,org.gg
2758,org.gh
2759,org.hn
2760,org.iq
2761,org.ki
2762,org.kp
2763,org.ky
2764,org.lv
2765,org.mv
2766,org.ni
2767,org.sd
2768,org.sy
2769,org.sz
2770,org.tt
2771,oslo.no
2772,pay
2773,pescara.it
2774,pharmacien.fr
2775,pictet
2776,ping
2777,pioneer
2778,pnc
2779,pol.tr
2780,polkowice.pl
2781,pomorze.pl
2782,press.ma
2783,protection
2784,pru
2785,pu.it
2786,qpon
2787,quest
2788,read
2789,realm.cz
2790,rec.br
2791,republican
2792,rieti.it
2793,ril
2794,rn.it
2795,rnu.tn
2796,rovno.ua
2797,rs.leg.br
2798,s3.dualstack.ca-central-1.amazonaws.com
2799,saga.jp
2800,saijo.ehime.jp
2801,saku.nagano.jp
2802,sakura
2803,salvador.br
2804,sandcats.io
2805,sbs
2806,sc.ke
2807,sch.ae
2808,secure
2809,selfip.info
2810,sener
2811,servegame.org
2812,shacknet.nu
2813,shikokuchuo.ehime.jp
2814,shop.pl
2815,so.gov.pl
2816,soc.srcf.net
2817,softbank
2818,soka.saitama.jp
2819,sos.pl
2820,spa
2821,spectrum.myjino.ru
2822,star
2823,starachowice.pl
2824,stargard.pl
2825,statebank
2826,sumida.tokyo.jp
2827,suzaka.nagano.jp
2828,sv.it
2829,synology-ds.de
2830,szkola.pl
2831,takamatsu.kagawa.jp
2832,takatsuki.osaka.jp
2833,takikawa.hokkaido.jp
2834,taranto.it
2835,tas.edu.au
2836,terni.it
2837,tiffany
2838,tires
2839,tm.se
2840,tmp.br
2841,toda.saitama.jp
2842,tokai.aichi.jp
2843,tokushima.jp
2844,toray
2845,toyama.toyama.jp
2846,toyone.aichi.jp
2847,travel.pl
2848,trd.br
2849,tvs
2850,udine.it
2851,uk.eu.org
2852,um.gov.pl
2853,unusualperson.com
2854,utsunomiya.tochigi.jp
2855,uwajima.ehime.jp
2856,ve.it
2857,verona.it
2858,vi.it
2859,vic.au
2860,virtualserver.io
2861,vt.it
2862,web.za
2863,wed
2864,wodzislaw.pl
2865,woodside
2866,writesthisblog.com
2867,xerox
2868,xn--3bst00m
2869,xn--80aswg
2870,xn--90a3ac
2871,xn--g2xx48c
2872,xn--t60b56a
2873,xs4all.space
2874,yachiyo.chiba.jp
2875,yokosuka.kanagawa.jp
2876,yun
2877,001www.com
2878,16-b.it
2879,1kapp.com
2880,4lima.de
2881,abb
2882,abbvie
2883,abc.br
2884,abiko.chiba.jp
2885,achi.nagano.jp
2886,ag.it
2887,agano.niigata.jp
2888,agrar.hu
2889,aguni.okinawa.jp
2890,aid.pl
2891,aig
2892,aizumisato.fukushima.jp
2893,aizuwakamatsu.fukushima.jp
2894,akiruno.tokyo.jp
2895,akune.kagoshima.jp
2896,al.leg.br
2897,alessandria.it
2898,allfinanz
2899,alpha-myqnapcloud.com
2900,am.br
2901,amakusa.kumamoto.jp
2902,americanexpress
2903,analytics
2904,aoki.nagano.jp
2905,aomori.aomori.jp
2906,ap.gov.pl
2907,apigee.io
2908,apps.lair.io
2909,arts.ro
2910,asago.hyogo.jp
2911,asahi.yamagata.jp
2912,asakuchi.okayama.jp
2913,asso.dz
2914,ato.br
2915,augustow.pl
2916,auspost
2917,autos
2918,avocat.fr
2919,ayase.kanagawa.jp
2920,barueri.br
2921,bauhaus
2922,bbs.tr
2923,bbt
2924,bcg
2925,bcn
2926,bd.se
2927,belem.br
2928,benevento.it
2929,beskidy.pl
2930,bestbuy
2931,bielawa.pl
2932,blogspot.lt
2933,blogspot.lu
2934,blogspot.md
2935,blogspot.mk
2936,blogspot.si
2937,blogsyte.com
2938,bmw
2939,boats
2940,bolt.hu
2941,boo
2942,bostik
2943,broker
2944,bt.it
2945,bu.no
2946,buyshouses.net
2947,byen.site
2948,c.la
2949,ca.it
2950,call
2951,caltanissetta.it
2952,caserta.it
2953,catania.it
2954,cbre
2955,cc.az.us
2956,cc.ks.us
2957,cc.la.us
2958,cc.nj.us
2959,cc.nm.us
2960,cechire.com
2961,cfd
2962,cherkasy.ua
2963,chigasaki.kanagawa.jp
2964,chihayaakasaka.osaka.jp
2965,chikushino.fukuoka.jp
2966,chitose.hokkaido.jp
2967,chofu.tokyo.jp
2968,chuo.tokyo.jp
2969,chuo.yamanashi.jp
2970,cloudns.org
2971,clubmed
2972,co.ca
2973,co.ci
2974,co.cz
2975,co.financial
2976,co.gg
2977,co.ni
2978,codespot.com
2979,com.az
2980,com.cw
2981,com.im
2982,com.io
2983,com.mu
2984,com.nr
2985,com.sc
2986,com.sd
2987,com.so
2988,com.ws
2989,como.it
2990,coop.py
2991,cremona.it
2992,cya.gg
2993,cyon.link
2994,cz.it
2995,dad
2996,daisen.akita.jp
2997,ddnslive.com
2998,deal
2999,dealer
3000,definima.net
3001,diskstation.eu
3002,dlugoleka.pl
3003,dnsdojo.net
3004,docs
3005,dontexist.net
3006,dsmynas.net
3007,dynathome.net
3008,dyndns-wiki.com
3009,dyndns1.de
3010,dynvpn.de
3011,eat
3012,ebetsu.hokkaido.jp
3013,ebina.kanagawa.jp
3014,ebino.miyazaki.jp
3015,edeka
3016,edu.bi
3017,edu.dm
3018,edu.gn
3019,edu.ht
3020,edu.kp
3021,edu.ky
3022,edu.kz
3023,edu.la
3024,edu.lr
3025,edu.me
3026,edu.so
3027,emc
3028,emp.br
3029,en.it
3030,ena.gifu.jp
3031,endofinternet.org
3032,endoftheinternet.org
3033,eniwa.hokkaido.jp
3034,ericsson
3035,es.eu.org
3036,est-a-la-maison.com
3037,etajima.hiroshima.jp
3038,eu.meteorapp.com
3039,experts-comptables.fr
3040,familyds.net
3041,familyds.org
3042,farmers
3043,fermo.it
3044,feste-ip.net
3045,firewall-gateway.com
3046,flir
3047,fly
3048,fnd.br
3049,food
3050,for-more.biz
3051,for-our.info
3052,for-the.biz
3053,ford
3054,forli-cesena.it
3055,forum.hu
3056,forumz.info
3057,foz.br
3058,from-ca.com
3059,from-co.net
3060,from-de.com
3061,from-ga.com
3062,from-id.com
3063,from-md.com
3064,from-mt.com
3065,from-nh.com
3066,from-nj.com
3067,from-ok.com
3068,from-sc.com
3069,from-wa.com
3070,fst.br
3071,ftpaccess.cc
3072,ftr
3073,fuchu.hiroshima.jp
3074,fuchu.tokyo.jp
3075,fudai.iwate.jp
3076,fuefuki.yamanashi.jp
3077,fujimi.saitama.jp
3078,fujimino.saitama.jp
3079,fujinomiya.shizuoka.jp
3080,fujioka.gunma.jp
3081,fujisawa.kanagawa.jp
3082,fukagawa.hokkaido.jp
3083,furano.hokkaido.jp
3084,gamagori.aichi.jp
3085,geisei.kochi.jp
3086,genting
3087,ggf.br
3088,go.dyndns.org
3089,go.leg.br
3090,gok.pk
3091,gorlice.pl
3092,gotpantheon.com
3093,gov.bz
3094,gov.ee
3095,gov.ki
3096,gov.kn
3097,gov.lr
3098,gov.mw
3099,gov.tj
3100,gov.tn
3101,gov.zw
3102,grajewo.pl
3103,grosseto.it
3104,gs.bu.no
3105,gyeongnam.kr
3106,haebaru.okinawa.jp
3107,hakodate.hokkaido.jp
3108,hakuba.nagano.jp
3109,hammerfest.no
3110,hasama.oita.jp
3111,hasura-app.io
3112,here-for-more.info
3113,higashimatsushima.miyagi.jp
3114,higashimurayama.tokyo.jp
3115,himeji.hyogo.jp
3116,hino.tokyo.jp
3117,hinohara.tokyo.jp
3118,hiphop
3119,hiraizumi.iwate.jp
3120,hirata.fukushima.jp
3121,hiraya.nagano.jp
3122,hiv
3123,hobby-site.com
3124,homeftp.org
3125,homeoffice.gov.uk
3126,homesecuritymac.com
3127,homeunix.net
3128,homeunix.org
3129,hotels
3130,i.ng
3131,ibara.okayama.jp
3132,ibaraki.osaka.jp
3133,id.ir
3134,idrett.no
3135,iheya.okinawa.jp
3136,ikano
3137,ikoma.nara.jp
3138,imizu.toyama.jp
3139,inc.hk
3140,incheon.kr
3141,inf.cu
3142,infiniti
3143,info.az
3144,info.ec
3145,info.tn
3146,info.tt
3147,is-a-cpa.com
3148,is-a-geek.org
3149,is-a-hunter.com
3150,is-a-lawyer.com
3151,is-a-player.com
3152,is-a-soxfan.org
3153,is-certified.com
3154,is-gone.com
3155,is-very-evil.org
3156,is-very-good.org
3157,isesaki.gunma.jp
3158,ishikari.hokkaido.jp
3159,itau
3160,iwakura.aichi.jp
3161,izena.okinawa.jp
3162,izumi.osaka.jp
3163,izumisano.osaka.jp
3164,izumizaki.fukushima.jp
3165,izumo.shimane.jp
3166,jampa.br
3167,jcp
3168,jmp
3169,jot
3170,juniper
3171,k.se
3172,k12.ec
3173,k12.il
3174,k12.vi
3175,kamikitayama.nara.jp
3176,kaneyama.yamagata.jp
3177,kasai.hyogo.jp
3178,kashiwazaki.niigata.jp
3179,kasugai.aichi.jp
3180,kasukabe.saitama.jp
3181,kawaba.gunma.jp
3182,kawakami.nara.jp
3183,ketrzyn.pl
3184,kg.kr
3185,kia
3186,kiryu.gunma.jp
3187,kishiwada.osaka.jp
3188,kitaaiki.nagano.jp
3189,kitayama.wakayama.jp
3190,kobierzyce.pl
3191,kochi.jp
3192,kokubunji.tokyo.jp
3193,kolobrzeg.pl
3194,komatsu.ishikawa.jp
3195,komforb.se
3196,komono.mie.jp
3197,kosai.shizuoka.jp
3198,kosuge.yamanashi.jp
3199,kpn
3200,kuji.iwate.jp
3201,kurashiki.okayama.jp
3202,kure.hiroshima.jp
3203,kurotaki.nara.jp
3204,landing.myjino.ru
3205,lapy.pl
3206,laspezia.it
3207,latina.it
3208,law.pro
3209,law.za
3210,lds
3211,lecce.it
3212,leitungsen.de
3213,lib.ar.us
3214,lib.la.us
3215,lib.ma.us
3216,lib.mt.us
3217,lib.nc.us
3218,lib.nj.us
3219,lib.nv.us
3220,lib.ny.us
3221,lib.ut.us
3222,lib.wi.us
3223,likescandy.com
3224,limanowa.pl
3225,linde
3226,lodi.it
3227,lotto
3228,lowicz.pl
3229,lpl
3230,lt.it
3231,ltd.ua
3232,lu.it
3233,lubartow.pl
3234,lukow.pl
3235,lyngdal.no
3236,maceio.br
3237,mail.pl
3238,mattel
3239,med.ec
3240,messina.it
3241,metlife
3242,mie.jp
3243,mielno.pl
3244,mifune.kumamoto.jp
3245,mihama.fukui.jp
3246,mil.al
3247,mil.ar
3248,mil.by
3249,mil.kr
3250,mil.ni
3251,mil.no
3252,mil.qa
3253,mil.za
3254,minamiminowa.nagano.jp
3255,mitsue.nara.jp
3256,monza.it
3257,morioka.iwate.jp
3258,moriya.ibaraki.jp
3259,morotsuka.miyazaki.jp
3260,motorcycles
3261,mragowo.pl
3262,mt.it
3263,mtn
3264,mtr
3265,my-router.de
3266,mydissent.net
3267,myeffect.net
3268,myhome-server.de
3269,myshopblocks.com
3270,nagahama.shiga.jp
3271,nagaoka.niigata.jp
3272,nagareyama.chiba.jp
3273,nagasaki.nagasaki.jp
3274,name.eg
3275,name.hr
3276,nanao.ishikawa.jp
3277,nanporo.hokkaido.jp
3278,neat-url.com
3279,neo
3280,net-freaks.com
3281,net.az
3282,net.cy
3283,net.ge
3284,net.iq
3285,net.la
3286,net.lv
3287,net.so
3288,net.vu
3289,netflix
3290,nfl
3291,nhk
3292,nic.tj
3293,niimi.okayama.jp
3294,nishiizu.shizuoka.jp
3295,nishio.aichi.jp
3296,nishiokoppe.hokkaido.jp
3297,nissay
3298,niteroi.br
3299,nom.si
3300,nom.za
3301,nosegawa.nara.jp
3302,not.br
3303,nowaruda.pl
3304,nsw.au
3305,ntdll.top
3306,ntr.br
3307,numata.hokkaido.jp
3308,nuoro.it
3309,nym.li
3310,nym.sk
3311,nym.tw
3312,off.ai
3313,ogaki.gifu.jp
3314,ogasawara.tokyo.jp
3315,ogori.fukuoka.jp
3316,ohkura.yamagata.jp
3317,ojiya.niigata.jp
3318,okuizumo.shimane.jp
3319,olbia-tempio.it
3320,omega
3321,ono.hyogo.jp
3322,open
3323,opencraft.hosting
3324,org.ai
3325,org.az
3326,org.cu
3327,org.ee
3328,org.je
3329,org.kg
3330,org.me
3331,org.mn
3332,org.om
3333,org.sb
3334,org.sl
3335,org.ws
3336,oshu.iwate.jp
3337,ot.it
3338,ott
3339,oyama.tochigi.jp
3340,pa.it
3341,panasonic
3342,parma.it
3343,pb.leg.br
3344,pc.it
3345,pd.it
3346,pe.leg.br
3347,phd
3348,piacenza.it
3349,pl.eu.org
3350,plo.ps
3351,pn.it
3352,po.gov.pl
3353,podhale.pl
3354,pohl
3355,pokrovsk.su
3356,port.fr
3357,potenza.it
3358,pr.leg.br
3359,pri.ee
3360,prime
3361,priv.no
3362,priv.pl
3363,prudential
3364,pruszkow.pl
3365,pt.it
3366,pub.sa
3367,qsl.br
3368,qvc
3369,ragusa.it
3370,recife.br
3371,reggio-calabria.it
3372,rel.pl
3373,resindevice.io
3374,ricoh
3375,rikuzentakata.iwate.jp
3376,rn.leg.br
3377,ro.leg.br
3378,room
3379,rovigo.it
3380,rr.leg.br
3381,rwe
3382,sa-east-1.elasticbeanstalk.com
3383,sa.gov.pl
3384,sa.it
3385,safety
3386,saiki.oita.jp
3387,saka.hiroshima.jp
3388,sakae.nagano.jp
3389,sakai.osaka.jp
3390,salerno.it
3391,sasebo.nagasaki.jp
3392,save
3393,saves-the-whales.com
3394,savona.it
3395,sc.tz
3396,sch.lk
3397,schools.nsw.edu.au
3398,science.museum
3399,sebastopol.ua
3400,select
3401,sensiosite.cloud
3402,servebbs.net
3403,servesarcasm.com
3404,shell
3405,shiga.jp
3406,shimokitayama.nara.jp
3407,shimosuwa.nagano.jp
3408,shinagawa.tokyo.jp
3409,shingo.aomori.jp
3410,shinshinotsu.hokkaido.jp
3411,shirakawa.fukushima.jp
3412,shiriuchi.hokkaido.jp
3413,shop.hu
3414,showa.fukushima.jp
3415,siracusa.it
3416,sjc.br
3417,skoczow.pl
3418,slz.br
3419,smile
3420,so.it
3421,sp.it
3422,sp.leg.br
3423,sr.gov.pl
3424,stalowa-wola.pl
3425,statefarm
3426,suginami.tokyo.jp
3427,suzuki
3428,swatch
3429,swidnik.pl
3430,swinoujscie.pl
3431,synology-diskstation.de
3432,szczytno.pl
3433,tajimi.gifu.jp
3434,takaoka.toyama.jp
3435,takasago.hyogo.jp
3436,takayama.gunma.jp
3437,tanabe.kyoto.jp
3438,tanabe.wakayama.jp
3439,tarnobrzeg.pl
3440,tarumizu.kagoshima.jp
3441,tas.au
3442,tatsuno.nagano.jp
3443,tc.br
3444,tci
3445,tdk
3446,te.it
3447,temasek
3448,tenkawa.nara.jp
3449,tenri.nara.jp
3450,teo.br
3451,time.no
3452,tobishima.aichi.jp
3453,togane.chiba.jp
3454,townnews-staging.com
3455,tp.it
3456,transurl.nl
3457,trapani.it
3458,trento.it
3459,triton.zone
3460,turystyka.pl
3461,twmail.cc
3462,twmail.net
3463,twmail.org
3464,uda.nara.jp
3465,udi.br
3466,ug.gov.pl
3467,umaji.kochi.jp
3468,umbria.it
3469,urasoe.okinawa.jp
3470,urawa.saitama.jp
3471,urayasu.chiba.jp
3472,uto.kumamoto.jp
3473,v.ua
3474,vc.it
3475,veterinaire.fr
3476,vicenza.it
3477,vig
3478,vivo
3479,vix.br
3480,vlog.br
3481,volkswagen
3482,voto
3483,wakayama.wakayama.jp
3484,wakkanai.hokkaido.jp
3485,walter
3486,warabi.saitama.jp
3487,weather
3488,website.yandexcloud.net
3489,wegrow.pl
3490,weibo
3491,wellbeingzone.co.uk
3492,wiki.br
3493,williamhill
3494,wme
3495,www.ro
3496,xfinity
3497,xj.cn
3498,xn--12co0c3b4eva.xn--o3cw4h
3499,xn--3e0b707e
3500,xn--55qx5d.cn
3501,xn--55qx5d.xn--j6w193g
3502,xn--80ao21a
3503,xn--czrs0t
3504,xn--d1acj3b
3505,xn--e1a4c
3506,xn--efvn9s.jp
3507,xn--gckr3f0f
3508,xn--h2brj9c
3509,xn--i1b6b1a6a2e
3510,xn--imr513n
3511,xn--io0a7i.cn
3512,xn--j1aef
3513,xn--mgberp4a5d4ar
3514,xn--nqv7f
3515,xn--qxam
3516,xn--vhquv
3517,yabu.hyogo.jp
3518,yahiko.niigata.jp
3519,yamatotakada.nara.jp
3520,yawata.kyoto.jp
3521,yonezawa.yamagata.jp
3522,zama.kanagawa.jp
3523,zara
3524,zhitomir.ua
